<?xml version="1.0" encoding="UTF-8"?>
<project-private xmlns="http://www.netbeans.org/ns/project-private/1">
    <editor-bookmarks xmlns="http://www.netbeans.org/ns/editor-bookmarks/2" lastBookmarkId="0"/>
    <open-files xmlns="http://www.netbeans.org/ns/projectui-open-files/2">
        <group>
            <file>file:/C:/Users/Monu/Documents/NetBeansProjects/Employee%20Management%20System/src/Employee/Front_Page.java</file>
            <file>file:/C:/Users/Monu/Documents/NetBeansProjects/Employee%20Management%20System/src/Employee/Add_Employee.java</file>
            <file>file:/C:/Users/Monu/Documents/NetBeansProjects/Employee%20Management%20System/src/Employee/details.java</file>
            <file>file:/C:/Users/Monu/Documents/NetBeansProjects/Employee%20Management%20System/src/Employee/login.java</file>
            <file>file:/C:/Users/Monu/Documents/NetBeansProjects/Employee%20Management%20System/src/Employee/View_Employee.java</file>
            <file>file:/C:/Users/Monu/Documents/NetBeansProjects/Employee%20Management%20System/src/Employee/conn.java</file>
            <file>file:/C:/Users/Monu/Documents/NetBeansProjects/Employee%20Management%20System/src/Employee/Search_Employee.java</file>
        </group>
    </open-files>
</project-private>
